Vachana,vachana_id,vachanakaara_id
">>>>>>>>>>>>>>>>ಅಖಂಡ ಮಂಡಲೇಶ್ವರ
>>>>>>>>>>>>>>>>>>","",""
"ಅಖಂಡ ಮಂಡಲೇಶ್ವರ
 vachanas started","",194
"ಹೇಮ ಕಾಮಿನಿ ಭೂಮಿ ಜೀವರಾಧಾರ,
ಜೀವರ ಪ್ರಾಣ, ಜೀವರ ಸಿಕ್ಕು ತೊಡಲು.
ಇಹಪರದೊಳಗೆ ಜಂಘೆಯ ಬಿಟ್ಟು,
ಲಂಘಿಸಿ ನಿಂದಾತನೆ ವಿರತಿ ಸಮಗ್ರ ಕಾಣಾ,
ಮರ್ಕಟೇಶ್ವರಾ.
",6535,194
"ಅಖಂಡ ಮಂಡಲೇಶ್ವರ
 vachanas ended","",194
"<<<<<<<<<<<<<<<ಅಖಂಡ ಮಂಡಲೇಶ್ವರ
<<<<<<<<<<<<<<<<<<","",""
